{
	"context": {
		"domain": "ONDC:RET14",
		"country": "IND",
		"city": "std:08288",
		"action": "on_init",
		"core_version": "1.2.0",
		"bap_id": "buyer-app-preprod-v2.ondc.org",
		"bap_uri": "https://buyer-app-preprod-v2.ondc.org/protocol/v1",
		"bpp_uri": "https://resources-hub-preprod.sangeethamobiles.com",
		"transaction_id": "8150d6d3-a60d-42a7-b434-13f360810270",
		"message_id": "56563496-aa6b-4949-9a57-b0029d4eba21",
		"timestamp": "2024-02-22T12:14:54.097Z",
		"bpp_id": "resources-hub-preprod.sangeethamobiles.com",
		"ttl": "PT30S"
	},
	"message": {
		"order": {
			"provider": {
				"id": "test id 1"
			},
			"items": [
				{
					"id": "Verve Gear",
					"quantity": {
						"count": 1
					},
					"location_id": "ROI",
					"fulfillment_id": "VmVydmUgR2Vhcg=="
				}
			],
			"billing": {
				"address": {
					"building": "Unnati Building",
					"city": "Bengaluru",
					"state": "Karnataka",
					"country": "IND",
					"area_code": "560078",
					"locality": "Puttenahalli Underpass",
					"name": "Gugan"
				},
				"phone": "7010300885",
				"name": "Gugan",
				"email": "gugan.ab@invenzolabs.com",
				"created_at": "2024-02-22T12:14:53.992Z",
				"updated_at": "2024-02-22T12:14:53.992Z"
			},
			"fulfillments": [
				{
					"id": "VmVydmUgR2Vhcg==",
					"type": "Delivery",
					"end": {
						"contact": {
							"email": "gugan.ab@invenzolabs.com",
							"phone": "7010300885"
						},
						"location": {
							"gps": "12.906566700200583,77.58522827396135",
							"address": {
								"building": "Unnati Building",
								"city": "Bengaluru",
								"state": "Karnataka",
								"country": "IND",
								"area_code": "560078",
								"locality": "Puttenahalli Underpass",
								"name": "Gugan"
							}
						}
					},
					"tracking": false
				}
			],
			"provider_location": {
				"id": "ROI"
			},
			"quote": {
				"price": {
					"currency": "INR",
					"value": "299.00"
				},
				"breakup": [
					{
						"@ondc/org/item_id": "Verve Gear",
						"@ondc/org/item_quantity": {
							"count": 1
						},
						"title": "Verve Gear Car Charger with Micro USB Cable",
						"@ondc/org/title_type": "item",
						"price": {
							"currency": "INR",
							"value": "299.00"
						},
						"item": {
							"@ondc/org/return_window": "P7D",
							"@ondc/org/returnable": true,
							"@ondc/org/seller_pickup_return": true,
							"id": "",
							"price": {
								"currency": "INR",
								"value": "299.00"
							}
						}
					},
					{
						"@ondc/org/item_id": "VmVydmUgR2Vhcg==",
						"title": "Delivery charges",
						"@ondc/org/title_type": "delivery",
						"price": {
							"currency": "INR",
							"value": "0.00"
						}
					},
					{
						"@ondc/org/item_id": "VmVydmUgR2Vhcg==",
						"title": "Packing charges",
						"@ondc/org/title_type": "packing",
						"price": {
							"currency": "INR",
							"value": "0.00"
						}
					},
					{
						"@ondc/org/item_id": "Verve Gear",
						"title": "Tax",
						"@ondc/org/title_type": "tax",
						"price": {
							"currency": "INR",
							"value": "0.00"
						}
					},
					{
						"@ondc/org/item_id": "Verve Gear",
						"title": "Discount",
						"@ondc/org/title_type": "discount",
						"price": {
							"currency": "INR",
							"value": "0.00"
						}
					},
					{
						"@ondc/org/item_id": "VmVydmUgR2Vhcg==",
						"title": "Convenience Fee",
						"@ondc/org/title_type": "misc",
						"price": {
							"currency": "INR",
							"value": "0.00"
						}
					}
				],
				"ttl": "P1D"
			},
			"payment": {
				"type": "ON-ORDER",
				"collected_by": "BPP",
				"uri": "https://ondc.transaction.com/payment",
				"status": "NOT-PAID",
				"@ondc/org/buyer_app_finder_fee_type": "percent",
				"@ondc/org/buyer_app_finder_fee_amount": "3",
				"@ondc/org/settlement_basis": "delivery",
				"@ondc/org/settlement_window": "P1D",
				"@ondc/org/withholding_amount": "10.00",
				"@ondc/org/settlement_details": [
					{
						"settlement_counterparty": "seller-app",
						"settlement_phase": "sale-amount",
						"beneficiary_name": "test user",
						"settlement_type": "upi",
						"upi_address": "gft@oksbi",
						"settlement_bank_account_no": "1234567890",
						"settlement_ifsc_code": "BARB0PBBBAN",
						"bank_name": "Test Bank",
						"branch_name": "Bangalore"
					}
				]
			},
			"tags": [
				{
					"code": "bpp_terms",
					"list": [
						{
							"code": "tax_number",
							"value": "27AAACN2082N1Z8"
						}
					]
				}
			]
		}
	}
}