{
    "context": {
      "domain": "ONDC:RET14",
      "country": "IND",
      "city": "std:08288",
      "action": "cancel",
      "core_version": "1.2.0",
      "bap_id": "buyer-app-preprod-v2.ondc.org",
      "bap_uri": "https://buyer-app-preprod-v2.ondc.org/protocol/v1",
      "bpp_uri": "https://resources-hub-preprod.sangeethamobiles.com",
      "transaction_id": "8150d6d3-a60d-42a7-b434-13f360810270",
      "message_id": "07685893-fc82-4d92-aa96-26fe8b8ddad2",
      "timestamp": "2024-02-22T12:19:12.953Z",
      "bpp_id": "resources-hub-preprod.sangeethamobiles.com",
      "ttl": "PT30S"
    },
    "message": {
      "order_id": "2024-02-22-621808",
      "cancellation_reason_id": "003"
    }
  }