{
	"context": {
		"domain": "ONDC:RET14",
		"country": "IND",
		"city": "std:08288",
		"action": "select",
		"core_version": "1.2.0",
		"bap_id": "buyer-app-preprod-v2.ondc.org",
		"bap_uri": "https://buyer-app-preprod-v2.ondc.org/protocol/v1",
		"bpp_uri": "https://resources-hub-preprod.sangeethamobiles.com",
		"transaction_id": "de8757aa-49a0-4002-9143-af155766e927",
		"message_id": "b0a565f6-2311-49d2-8bd3-232fb609186d",
		"timestamp": "2024-02-22T12:28:28.439Z",
		"bpp_id": "resources-hub-preprod.sangeethamobiles.com",
		"ttl": "PT30S"
	},
	"message": {
		"order": {
			"items": [
				{
					"id": "Verve Gear",
					"quantity": {
						"count": 1
					},
					"location_id": "ROI"
				}
			],
			"provider": {
				"id": "test id 1",
				"locations": [
					{
						"id": "ROI"
					}
				]
			},
			"fulfillments": [
				{
					"end": {
						"location": {
							"gps": "12.906566700200583,77.58522827396135",
							"address": {
								"area_code": "560078"
							}
						}
					}
				}
			]
		}
	}
}