{
	"context": {
		"domain": "ONDC:RET14",
		"action": "on_select",
		"core_version": "1.2.0",
		"bap_id": "buyer-app-preprod-v2.ondc.org",
		"bap_uri": "https://buyer-app-preprod-v2.ondc.org/protocol/v1",
		"bpp_id": "resources-hub-preprod.sangeethamobiles.com",
		"bpp_uri": "https://resources-hub-preprod.sangeethamobiles.com",
		"transaction_id": "de8757aa-49a0-4002-9143-af155766e927",
		"message_id": "b0a565f6-2311-49d2-8bd3-232fb609186d",
		"country": "IND",
		"city": "std:08288",
		"timestamp": "2024-02-22T12:28:29.495Z",
		"ttl": "PT30S"
	},
	"message": {
		"order": {
			"provider": {
				"id": "test id 1"
			},
			"items": [
				{
					"fulfillment_id": "VmVydmUgR2Vhcg==",
					"id": "Verve Gear"
				}
			],
			"fulfillments": [
				{
					"id": "VmVydmUgR2Vhcg==",
					"@ondc/org/provider_name": "Sangeetha-Mobiles",
					"tracking": false,
					"@ondc/org/category": "Standard Delivery",
					"@ondc/org/TAT": "P3D",
					"state": {
						"descriptor": {
							"code": "Serviceable"
						}
					}
				}
			],
			"quote": {
				"price": {
					"currency": "INR",
					"value": "299.00"
				},
				"breakup": [
					{
						"@ondc/org/item_id": "Verve Gear",
						"@ondc/org/item_quantity": {
							"count": 1
						},
						"title": "Verve Gear Car Charger with Micro USB Cable",
						"@ondc/org/title_type": "item",
						"price": {
							"currency": "INR",
							"value": "299.00"
						},
						"item": {
							"quantity": {
								"available": {
									"count": "1"
								},
								"maximum": {
									"count": "99"
								}
							},
							"@ondc/org/return_window": "P7D",
							"@ondc/org/returnable": true,
							"@ondc/org/seller_pickup_return": true,
							"id": "",
							"price": {
								"currency": "INR",
								"value": "299.00"
							}
						}
					},
					{
						"@ondc/org/item_id": "VmVydmUgR2Vhcg==",
						"title": "Delivery charges",
						"@ondc/org/title_type": "delivery",
						"price": {
							"currency": "INR",
							"value": "0.00"
						}
					},
					{
						"@ondc/org/item_id": "VmVydmUgR2Vhcg==",
						"title": "Packing charges",
						"@ondc/org/title_type": "packing",
						"price": {
							"currency": "INR",
							"value": "0.00"
						}
					},
					{
						"@ondc/org/item_id": "Verve Gear",
						"title": "Tax",
						"@ondc/org/title_type": "tax",
						"price": {
							"currency": "INR",
							"value": "0.00"
						}
					},
					{
						"@ondc/org/item_id": "Verve Gear",
						"title": "Discount",
						"@ondc/org/title_type": "discount",
						"price": {
							"currency": "INR",
							"value": "0.00"
						}
					},
					{
						"@ondc/org/item_id": "VmVydmUgR2Vhcg==",
						"title": "Convenience Fee",
						"@ondc/org/title_type": "misc",
						"price": {
							"currency": "INR",
							"value": "0.00"
						}
					}
				],
				"ttl": "P1D"
			}
		}
	}
}