{
	"context": {
		"domain": "ONDC:RET14",
		"country": "IND",
		"city": "std:08288",
		"action": "init",
		"core_version": "1.2.0",
		"bap_id": "buyer-app-preprod-v2.ondc.org",
		"bap_uri": "https://buyer-app-preprod-v2.ondc.org/protocol/v1",
		"bpp_uri": "https://resources-hub-preprod.sangeethamobiles.com",
		"transaction_id": "de8757aa-49a0-4002-9143-af155766e927",
		"message_id": "fab7c043-e02c-4a56-8ab5-9042bac7f1af",
		"timestamp": "2024-02-22T12:29:48.602Z",
		"bpp_id": "resources-hub-preprod.sangeethamobiles.com",
		"ttl": "PT30S"
	},
	"message": {
		"order": {
			"provider": {
				"id": "test id 1",
				"locations": [
					{
						"id": "ROI"
					}
				]
			},
			"items": [
				{
					"id": "Verve Gear",
					"quantity": {
						"count": 1
					},
					"location_id": "ROI",
					"fulfillment_id": "VmVydmUgR2Vhcg=="
				}
			],
			"billing": {
				"address": {
					"building": "Unnati Building",
					"city": "Bengaluru",
					"state": "Karnataka",
					"country": "IND",
					"area_code": "560078",
					"locality": "Puttenahalli Underpass",
					"name": "Gugan"
				},
				"phone": "7010300885",
				"name": "Gugan",
				"email": "gugan.ab@invenzolabs.com",
				"created_at": "2024-02-22T12:29:48.602Z",
				"updated_at": "2024-02-22T12:29:48.602Z"
			},
			"fulfillments": [
				{
					"id": "VmVydmUgR2Vhcg==",
					"type": "Delivery",
					"end": {
						"contact": {
							"email": "gugan.ab@invenzolabs.com",
							"phone": "7010300885"
						},
						"location": {
							"gps": "12.906566700200583,77.58522827396135",
							"address": {
								"building": "Unnati Building",
								"city": "Bengaluru",
								"state": "Karnataka",
								"country": "IND",
								"area_code": "560078",
								"locality": "Puttenahalli Underpass",
								"name": "Gugan"
							}
						}
					}
				}
			]
		}
	}
}