{
	"context": {
		"domain": "ONDC:RET14",
		"country": "IND",
		"city": "std:08288",
		"action": "on_confirm",
		"core_version": "1.2.0",
		"bap_id": "buyer-app-preprod-v2.ondc.org",
		"bap_uri": "https://buyer-app-preprod-v2.ondc.org/protocol/v1",
		"bpp_uri": "https://resources-hub-preprod.sangeethamobiles.com",
		"transaction_id": "de8757aa-49a0-4002-9143-af155766e927",
		"message_id": "6a9733ed-8771-4316-ab4e-9c3ed633c67c",
		"timestamp": "2024-02-22T12:30:30.378Z",
		"bpp_id": "resources-hub-preprod.sangeethamobiles.com",
		"ttl": "PT30S"
	},
	"message": {
		"order": {
			"id": "2024-02-22-960306",
			"state": "Created",
			"provider": {
				"id": "test id 1",
				"locations": [
					{
						"id": "ROI"
					}
				]
			},
			"items": [
				{
					"id": "Verve Gear",
					"fulfillment_id": "VmVydmUgR2Vhcg==",
					"quantity": {
						"count": 1
					}
				}
			],
			"billing": {
				"address": {
					"name": "Gugan",
					"building": "Unnati Building",
					"locality": "Puttenahalli Underpass",
					"city": "Bengaluru",
					"state": "Karnataka",
					"country": "IND",
					"area_code": "560078"
				},
				"name": "Gugan",
				"email": "gugan.ab@invenzolabs.com",
				"phone": "7010300885",
				"created_at": "2024-02-22T12:29:48.602Z",
				"updated_at": "2024-02-22T12:29:48.602Z"
			},
			"fulfillments": [
				{
					"id": "VmVydmUgR2Vhcg==",
					"@ondc/org/provider_name": "Sangeetha-Mobiles",
					"state": {
						"descriptor": {
							"code": "Pending"
						}
					},
					"type": "Delivery",
					"tracking": false,
					"start": {
						"location": {
							"id": "ROI",
							"descriptor": {
								"name": "sangeethamobiles"
							},
							"gps": "12.9066797,77.5851682",
							"address": {
								"locality": "Sangeetha mobiles office, 30th Main Rd, Banagirinagara, Banashankari 3rd Stage, Banashankari, Bengaluru, Karnataka 5600700",
								"city": "Bengaluru",
								"area_code": "560070",
								"state": "Karnataka"
							}
						},
						"time": {
							"range": {
								"start": "2024-02-22T12:30:24.001Z",
								"end": "2024-02-22T20:00:27.000Z"
							}
						},
						"instructions": {
							"code": "2",
							"name": "ONDC order",
							"short_desc": "value of PCC",
							"long_desc": "instructions such as register or counter no for self-pickup"
						},
						"contact": {
							"phone": "7019721797",
							"email": "support@sangeethamobiles.com"
						}
					},
					"end": {
						"location": {
							"gps": "12.906566700200583,77.58522827396135",
							"address": {
								"name": "Gugan",
								"building": "Unnati Building",
								"locality": "Puttenahalli Underpass",
								"city": "Bengaluru",
								"state": "Karnataka",
								"country": "IND",
								"area_code": "560078"
							}
						},
						"time": {
							"range": {
								"start": "2024-02-22T12:30:24.001Z",
								"end": "2024-02-22T20:00:27.000Z"
							}
						},
						"instructions": {
							"name": "ONDC Order",
							"short_desc": ""
						},
						"person": {
							"name": "Gugan"
						},
						"contact": {
							"phone": "7010300885"
						}
					}
				}
			],
			"quote": {
				"price": {
					"currency": "INR",
					"value": "299.00"
				},
				"breakup": [
					{
						"@ondc/org/item_id": "Verve Gear",
						"@ondc/org/item_quantity": {
							"count": 1
						},
						"title": "Verve Gear Car Charger with Micro USB Cable",
						"@ondc/org/title_type": "item",
						"item": {
							"@ondc/org/return_window": "P7D",
							"@ondc/org/returnable": true,
							"@ondc/org/seller_pickup_return": true,
							"id": "",
							"price": {
								"currency": "INR",
								"value": "299.00"
							}
						},
						"price": {
							"currency": "INR",
							"value": "299.00"
						}
					},
					{
						"@ondc/org/item_id": "VmVydmUgR2Vhcg==",
						"@ondc/org/title_type": "delivery",
						"price": {
							"currency": "INR",
							"value": "0.00"
						},
						"title": "Delivery charges"
					},
					{
						"@ondc/org/item_id": "VmVydmUgR2Vhcg==",
						"@ondc/org/title_type": "packing",
						"price": {
							"currency": "INR",
							"value": "0.00"
						},
						"title": "Packing charges"
					},
					{
						"@ondc/org/item_id": "Verve Gear",
						"@ondc/org/title_type": "tax",
						"price": {
							"currency": "INR",
							"value": "0.00"
						},
						"title": "Tax"
					},
					{
						"@ondc/org/item_id": "Verve Gear",
						"@ondc/org/title_type": "discount",
						"price": {
							"currency": "INR",
							"value": "0.00"
						},
						"title": "Discount"
					},
					{
						"@ondc/org/item_id": "VmVydmUgR2Vhcg==",
						"@ondc/org/title_type": "misc",
						"price": {
							"currency": "INR",
							"value": "0.00"
						},
						"title": "Convenience Fee"
					}
				],
				"ttl": "P1D"
			},
			"payment": {
				"params": {
					"amount": "299",
					"currency": "INR"
				},
				"status": "NOT-PAID",
				"type": "ON-FULFILLMENT",
				"collected_by": "BPP",
				"@ondc/org/buyer_app_finder_fee_type": "percent",
				"@ondc/org/buyer_app_finder_fee_amount": "3.0",
				"@ondc/org/settlement_basis": "delivery",
				"@ondc/org/settlement_window": "P1D",
				"@ondc/org/withholding_amount": "10.00",
				"@ondc/org/settlement_details": [
					{
						"settlement_counterparty": "seller-app",
						"settlement_phase": "sale-amount",
						"beneficiary_name": "test user",
						"settlement_type": "upi",
						"upi_address": "gft@oksbi",
						"settlement_bank_account_no": "1234567890",
						"settlement_ifsc_code": "BARB0PBBBAN",
						"bank_name": "Test Bank",
						"branch_name": "Bangalore"
					}
				]
			},
			"tags": [
				{
					"code": "bpp_terms",
					"list": [
						{
							"code": "tax_number",
							"value": "27AAACN2082N1Z8"
						}
					]
				}
			],
			"created_at": "2024-02-22T12:30:24.001Z",
			"updated_at": "2024-02-22T12:30:30.378Z"
		}
	}
}