{
  "context": {
    "domain": "ONDC:RET14",
    "action": "search",
    "country": "IND",
    "city": "std:08288",
    "core_version": "1.2.0",
    "bap_id": "buyer-app-preprod-v2.ondc.org",
    "bap_uri": "https://buyer-app-preprod-v2.ondc.org/protocol/v1",
    "transaction_id": "da94d06d-14c6-4134-aa9a-26556eb285f4",
    "message_id": "35ffa271-9f2d-4ea3-8813-936f29e9ddae",
    "timestamp": "2024-02-16T06:00:01.275Z",
    "ttl": "PT30S"
  },
  "message": {
    "intent": {
      "fulfillment": {
        "type": "Delivery"
      },
      "payment": {
        "@ondc/org/buyer_app_finder_fee_type": "percent",
        "@ondc/org/buyer_app_finder_fee_amount": "3"
      }
    }
  }
}