{
	"context": {
		"domain": "ONDC:RET14",
		"country": "IND",
		"city": "std:08288",
		"action": "select",
		"core_version": "1.2.0",
		"bap_id": "buyer-app-preprod-v2.ondc.org",
		"bap_uri": "https://buyer-app-preprod-v2.ondc.org/protocol/v1",
		"bpp_uri": "https://resources-hub-preprod.sangeethamobiles.com",
		"transaction_id": "38af4c32-9121-430e-9d25-69d844c2b512",
		"message_id": "e22822b7-7396-4c1e-bd9c-91487dddfab8",
		"timestamp": "2024-02-22T11:58:04.885Z",
		"bpp_id": "resources-hub-preprod.sangeethamobiles.com",
		"ttl": "PT30S"
	},
	"message": {
		"order": {
			"items": [
				{
					"id": "GDS4114IN New",
					"quantity": {
						"count": 1
					},
					"location_id": "ROI"
				},
				{
					"id": "TOR 118",
					"quantity": {
						"count": 1
					},
					"location_id": "ROI"
				}
			],
			"provider": {
				"id": "test id 1",
				"locations": [
					{
						"id": "ROI"
					}
				]
			},
			"fulfillments": [
				{
					"end": {
						"location": {
							"gps": "12.906566700200583,77.58522827396135",
							"address": {
								"area_code": "560078"
							}
						}
					}
				}
			]
		}
	}
}