{
	"context": {
		"domain": "ONDC:RET14",
		"country": "IND",
		"city": "std:08288",
		"action": "select",
		"core_version": "1.2.0",
		"bap_id": "buyer-app-preprod-v2.ondc.org",
		"bap_uri": "https://buyer-app-preprod-v2.ondc.org/protocol/v1",
		"bpp_uri": "https://resources-hub-preprod.sangeethamobiles.com",
		"transaction_id": "517dfa81-b5e7-4cc9-ba46-234d1b11fcd9",
		"message_id": "b3805929-829a-42e4-b5a9-58b2d429de64",
		"timestamp": "2024-02-22T12:00:50.343Z",
		"bpp_id": "resources-hub-preprod.sangeethamobiles.com",
		"ttl": "PT30S"
	},
	"message": {
		"order": {
			"items": [
				{
					"id": "TOR 118",
					"quantity": {
						"count": 1
					},
					"location_id": "ROI"
				}
			],
			"provider": {
				"id": "test id 1",
				"locations": [
					{
						"id": "ROI"
					}
				]
			},
			"fulfillments": [
				{
					"end": {
						"location": {
							"gps": "12.906566700200583,77.58522827396135",
							"address": {
								"area_code": "560078"
							}
						}
					}
				}
			]
		}
	}
}