{
	"context": {
		"domain": "ONDC:RET14",
		"action": "on_select",
		"core_version": "1.2.0",
		"bap_id": "buyer-app-preprod-v2.ondc.org",
		"bap_uri": "https://buyer-app-preprod-v2.ondc.org/protocol/v1",
		"bpp_id": "resources-hub-preprod.sangeethamobiles.com",
		"bpp_uri": "https://resources-hub-preprod.sangeethamobiles.com",
		"transaction_id": "38af4c32-9121-430e-9d25-69d844c2b512",
		"message_id": "e22822b7-7396-4c1e-bd9c-91487dddfab8",
		"country": "IND",
		"city": "std:08288",
		"timestamp": "2024-02-22T11:58:06.224Z",
		"ttl": "PT30S"
	},
	"message": {
		"order": {
			"provider": {
				"id": "test id 1"
			},
			"items": [
				{
					"fulfillment_id": "R0RTNDExNElOIE5ldw==",
					"id": "GDS4114IN New"
				},
				{
					"fulfillment_id": "VE9SIDExOA==",
					"id": "TOR 118"
				}
			],
			"fulfillments": [
				{
					"id": "R0RTNDExNElOIE5ldw==",
					"@ondc/org/provider_name": "Sangeetha-Mobiles",
					"tracking": false,
					"@ondc/org/category": "Standard Delivery",
					"@ondc/org/TAT": "P3D",
					"state": {
						"descriptor": {
							"code": "Serviceable"
						}
					}
				},
				{
					"id": "VE9SIDExOA==",
					"@ondc/org/provider_name": "Sangeetha-Mobiles",
					"tracking": false,
					"@ondc/org/category": "Standard Delivery",
					"@ondc/org/TAT": "P3D",
					"state": {
						"descriptor": {
							"code": "Serviceable"
						}
					}
				}
			],
			"quote": {
				"price": {
					"currency": "INR",
					"value": "99.00"
				},
				"breakup": [
					{
						"@ondc/org/item_id": "GDS4114IN New",
						"@ondc/org/item_quantity": {
							"count": 1
						},
						"title": "MI GDS4114IN 9V Power Adapter (Black)",
						"@ondc/org/title_type": "item",
						"price": {
							"currency": "INR",
							"value": "449.00"
						},
						"item": {
							"quantity": {
								"available": {
									"count": "1"
								},
								"maximum": {
									"count": "99"
								}
							},
							"@ondc/org/return_window": "P7D",
							"@ondc/org/returnable": true,
							"@ondc/org/seller_pickup_return": true,
							"id": "",
							"price": {
								"currency": "INR",
								"value": "449.00"
							}
						}
					},
					{
						"@ondc/org/item_id": "TOR 118",
						"@ondc/org/item_quantity": {
							"count": 1
						},
						"title": "Toreto TOR-889 TOR Cord Neo 1 m Lightning Cable  (Compatible with Iphone, Ipad, Ipod, iOS, Black)",
						"@ondc/org/title_type": "item",
						"price": {
							"currency": "INR",
							"value": "99.00"
						},
						"item": {
							"quantity": {
								"available": {
									"count": "1"
								},
								"maximum": {
									"count": "99"
								}
							},
							"@ondc/org/return_window": "P7D",
							"@ondc/org/returnable": true,
							"@ondc/org/seller_pickup_return": true,
							"id": "",
							"price": {
								"currency": "INR",
								"value": "99.00"
							}
						}
					},
					{
						"@ondc/org/item_id": "R0RTNDExNElOIE5ldw==",
						"title": "Delivery charges",
						"@ondc/org/title_type": "delivery",
						"price": {
							"currency": "INR",
							"value": "0.00"
						}
					},
					{
						"@ondc/org/item_id": "R0RTNDExNElOIE5ldw==",
						"title": "Packing charges",
						"@ondc/org/title_type": "packing",
						"price": {
							"currency": "INR",
							"value": "0.00"
						}
					},
					{
						"@ondc/org/item_id": "GDS4114IN New",
						"title": "Tax",
						"@ondc/org/title_type": "tax",
						"price": {
							"currency": "INR",
							"value": "0.00"
						}
					},
					{
						"@ondc/org/item_id": "GDS4114IN New",
						"title": "Discount",
						"@ondc/org/title_type": "discount",
						"price": {
							"currency": "INR",
							"value": "0.00"
						}
					},
					{
						"@ondc/org/item_id": "R0RTNDExNElOIE5ldw==",
						"title": "Convenience Fee",
						"@ondc/org/title_type": "misc",
						"price": {
							"currency": "INR",
							"value": "0.00"
						}
					},
					{
						"@ondc/org/item_id": "VE9SIDExOA==",
						"title": "Delivery charges",
						"@ondc/org/title_type": "delivery",
						"price": {
							"currency": "INR",
							"value": "0.00"
						}
					},
					{
						"@ondc/org/item_id": "VE9SIDExOA==",
						"title": "Packing charges",
						"@ondc/org/title_type": "packing",
						"price": {
							"currency": "INR",
							"value": "0.00"
						}
					},
					{
						"@ondc/org/item_id": "TOR 118",
						"title": "Tax",
						"@ondc/org/title_type": "tax",
						"price": {
							"currency": "INR",
							"value": "0.00"
						}
					},
					{
						"@ondc/org/item_id": "TOR 118",
						"title": "Discount",
						"@ondc/org/title_type": "discount",
						"price": {
							"currency": "INR",
							"value": "0.00"
						}
					},
					{
						"@ondc/org/item_id": "VE9SIDExOA==",
						"title": "Convenience Fee",
						"@ondc/org/title_type": "misc",
						"price": {
							"currency": "INR",
							"value": "0.00"
						}
					}
				],
				"ttl": "P1D"
			}
		}
	},
	"error": {
		"type": "DOMAIN-ERROR",
		"code": "40002",
		"message": "[{\"item_id\":\"GDS4114IN New\",\"error\":\"40002\"}]"
	}
}