{
	"context": {
		"domain": "ONDC:RET14",
		"country": "IND",
		"city": "std:08288",
		"action": "status",
		"core_version": "1.2.0",
		"bap_id": "buyer-app-preprod-v2.ondc.org",
		"bap_uri": "https://buyer-app-preprod-v2.ondc.org/protocol/v1",
		"bpp_uri": "https://resources-hub-preprod.sangeethamobiles.com",
		"transaction_id": "517dfa81-b5e7-4cc9-ba46-234d1b11fcd9",
		"message_id": "c4d2bd8e-d20e-4304-a262-dba848328a25",
		"timestamp": "2024-02-22T12:05:11.338Z",
		"bpp_id": "resources-hub-preprod.sangeethamobiles.com",
		"ttl": "PT30S"
	},
	"message": {
		"order_id": "2024-02-22-725747"
	}
}