{
	"context": {
		"domain": "ONDC:RET14",
		"country": "IND",
		"city": "std:08288",
		"action": "on_status",
		"core_version": "1.2.0",
		"bap_id": "buyer-app-preprod-v2.ondc.org",
		"bap_uri": "https://buyer-app-preprod-v2.ondc.org/protocol/v1",
		"bpp_uri": "https://resources-hub-preprod.sangeethamobiles.com",
		"transaction_id": "517dfa81-b5e7-4cc9-ba46-234d1b11fcd9",
		"message_id": "edd4bb7c-ecda-4bd2-8564-efa4059f882f",
		"timestamp": "2024-02-22T12:07:26.894Z",
		"bpp_id": "resources-hub-preprod.sangeethamobiles.com",
		"ttl": "PT30S"
	},
	"message": {
		"order": {
			"id": "2024-02-22-725747",
			"state": "Accepted",
			"provider": {
				"id": "test id 1",
				"locations": [
					{
						"id": "ROI"
					}
				]
			},
			"items": [
				{
					"id": "TOR 118",
					"fulfillment_id": "VE9SIDExOA==",
					"quantity": {
						"count": 1
					}
				}
			],
			"billing": {
				"name": "Gugan",
				"address": {
					"name": "Gugan",
					"building": "Unnati Building",
					"locality": "Puttenahalli Underpass",
					"city": "Bengaluru",
					"state": "Karnataka",
					"country": "IND",
					"area_code": "560078"
				},
				"email": "gugan.ab@invenzolabs.com",
				"phone": "7010300885",
				"created_at": "2024-02-22T17:33:10.000Z",
				"updated_at": "2024-02-22T17:37:04.000Z"
			},
			"fulfillments": [
				{
					"id": "VE9SIDExOA==",
					"@ondc/org/provider_name": "Shipsy",
					"type": "Delivery",
					"tracking": false,
					"@ondc/org/TAT": "P1D",
					"state": {
						"descriptor": {
							"code": "Pending"
						}
					},
					"start": {
						"location": {
							"descriptor": {
								"name": "Chunchgatta",
								"images": [
									"https://gf-integration/images/5.png"
								]
							},
							"gps": "12.89232700,77.57210100",
							"address": {
								"locality": "#20,Om Shanthi Layout,,\nChunchagatta main road,,\nChunchagatta,7th Phase JP Nagar,\nBengaluru - 560078.",
								"city": "Bengaluru Urban",
								"area_code": "560078",
								"state": "KA"
							}
						},
						"time": {
							"range": {
								"start": "2024-02-22T12:07:26.894Z",
								"end": "2024-02-22T19:33:13.000Z"
							},
							"timestamp": "2024-02-22T12:07:26.894Z"
						},
						"instructions": {
							"code": "CHG",
							"name": "ONDC Order",
							"short_desc": "",
							"long_desc": ""
						},
						"contact": {
							"phone": "8088432909",
							"email": "support@sangeethamobiles.com"
						}
					},
					"end": {
						"location": {
							"gps": "12.906566700200583,77.58522827396135",
							"address": {
								"name": "7010300885",
								"building": "Unnati Building",
								"locality": "Puttenahalli Underpass",
								"city": "Bengaluru",
								"state": "Karnataka",
								"country": "IND",
								"area_code": "560078"
							}
						},
						"time": {
							"range": {
								"start": "2024-02-22T12:07:26.894Z",
								"end": "2024-02-22T19:33:13.000Z"
							},
							"timestamp": "2024-02-22T19:33:13.000Z"
						},
						"instructions": {
							"code": "CHG",
							"name": "Gugan",
							"short_desc": "",
							"long_desc": ""
						},
						"contact": {
							"phone": "7010300885"
						}
					}
				}
			],
			"quote": {
				"price": {
					"currency": "INR",
					"value": "99.00"
				},
				"breakup": [
					{
						"@ondc/org/item_id": "TOR 118",
						"@ondc/org/item_quantity": {
							"count": 1
						},
						"title": "Toreto TOR-889 TOR Cord Neo 1 m Lightning Cable  (Compatible with Iphone, Ipad, Ipod, iOS, Black)",
						"@ondc/org/title_type": "item",
						"price": {
							"currency": "INR",
							"value": "99.00"
						},
						"item": {
							"price": {
								"currency": "INR",
								"value": "99.00"
							}
						}
					},
					{
						"@ondc/org/item_id": "VE9SIDExOA==",
						"title": "Delivery charges",
						"@ondc/org/title_type": "delivery",
						"price": {
							"currency": "INR",
							"value": "0.00"
						}
					},
					{
						"@ondc/org/item_id": "VE9SIDExOA==",
						"title": "Packing charges",
						"@ondc/org/title_type": "packing",
						"price": {
							"currency": "INR",
							"value": "0.00"
						}
					},
					{
						"@ondc/org/item_id": "TOR 118",
						"title": "Tax",
						"@ondc/org/title_type": "tax",
						"price": {
							"currency": "INR",
							"value": "0.00"
						}
					},
					{
						"@ondc/org/item_id": "TOR 118",
						"title": "Discount",
						"@ondc/org/title_type": "discount",
						"price": {
							"currency": "INR",
							"value": "0.00"
						}
					},
					{
						"@ondc/org/item_id": "VE9SIDExOA==",
						"title": "Convenience Fee",
						"@ondc/org/title_type": "misc",
						"price": {
							"currency": "INR",
							"value": "0.00"
						}
					}
				],
				"ttl": "P1D"
			},
			"payment": {
				"uri": "https://ondc.transaction.com/payment",
				"tl_method": "http/get",
				"params": {
					"currency": "INR",
					"transaction_id": null,
					"amount": "099.00"
				},
				"status": "NOT-PAID",
				"type": "ON-ORDER",
				"collected_by": "BAP",
				"@ondc/org/buyer_app_finder_fee_type": "percent",
				"@ondc/org/buyer_app_finder_fee_amount": "3",
				"@ondc/org/settlement_basis": "delivery",
				"@ondc/org/settlement_window": "P1D",
				"@ondc/org/withholding_amount": "10.00",
				"@ondc/org/settlement_details": [
					{
						"settlement_counterparty": "seller-app",
						"settlement_phase": "sale-amount",
						"beneficiary_name": "test user",
						"settlement_reference": "test",
						"settlement_status": "PENDING",
						"settlement_timestamp": "2024-02-22T12:07:27.415Z",
						"settlement_type": "upi",
						"upi_address": "gft@oksbi",
						"settlement_bank_account_no": "1234567890",
						"settlement_ifsc_code": "BARB0PBBBAN",
						"bank_name": "Test Bank",
						"branch_name": "Bangalore"
					},
					{
						"settlement_counterparty": "buyer",
						"settlement_phase": "refund",
						"settlement_type": "upi",
						"settlement_amount": "1000",
						"settlement_timestamp": "2023-02-04T18:00:00.000Z"
					}
				]
			},
			"documents": [
				{
					"url": null,
					"label": "Invoice"
				}
			],
			"created_at": "2024-02-22T17:33:10.000Z",
			"updated_at": "2024-02-22T12:07:26.894Z"
		}
	}
}